"Date","Dept","IsHoliday","Store1","WeeklySalesStore1","Store2","WeeklySalesStore2","Store3","WeeklySalesStore3","Store4","WeeklySalesStore4","Store5","WeeklySalesStore5","Store6","WeeklySalesStore6"
14645,7,21084.08,0,1,2,28512.95,4,37239.25,10,52212.32,13,35711.89,24,21877.81
14652,7,18310.31,1,1,2,29067.99,4,37175.62,10,50907.48,13,42860.17,24,24417.37
14659,7,19985.2,0,1,2,31003.4,4,35309.25,10,52955.8,13,42031.02,24,28713.76
14666,7,17224.22,0,1,2,24275.91,4,33186.53,10,49807.58,13,37361.68,24,17745.11
14673,7,19659.7,0,1,2,29442.87,4,35442.76,10,45078.34,13,43562.7,24,19624.85
14680,7,21529.14,0,1,2,27494.27,4,32274.55,10,48463.01,13,41097.1,24,22895.88
14687,7,22711.59,0,1,2,33700.33,4,34561.51,10,55204.33,13,45583.3,24,22583.45
14694,7,16254.21,0,1,2,25149.21,4,33280.76,10,48858.83,13,54793.21,24,25536.82
14701,7,22427.62,0,1,2,40111.71,4,40504.47,10,64973.96,13,79921.2,24,40980.27
14708,7,20516.64,0,1,2,32545.6,4,34195.53,10,65792.44,13,62269.65,24,32118.15
14715,7,19330.26,0,1,2,29678.87,4,33306.54,10,48435.96,13,47591.01,24,21913.54
14722,7,18534.4,0,1,2,26686.75,4,32030.76,10,42753.08,13,51407.55,24,21779.19
14729,7,22723.48,0,1,2,29456.07,4,33645.9,10,41203.36,13,42085.01,24,20614.1
14736,7,20457.62,0,1,2,36761.04,4,37995.71,10,45562.39,13,52281.14,24,25777.35
14743,7,18771.35,0,1,2,31054.88,4,31165.85,10,46120.21,13,47299.04,24,21003.51
14750,7,28726.86,0,1,2,40359.64,4,36121.78,10,56324.16,13,50327.14,24,24018.98
14757,7,36911.59,0,1,2,51582.43,4,47743.62,10,55940.53,13,50283.23,24,34722.09
14764,7,44563.68,0,1,2,62903.1,4,59143.72,10,65360.04,13,65803.54,24,37768.31
14771,7,26910.46,0,1,2,41691.53,4,42143.68,10,50826.28,13,69266.26,24,28824.18
14778,7,26984.25,0,1,2,41165.84,4,41418.5,10,49863.07,13,59548.18,24,29611.13
14785,7,28912.18,0,1,2,41086.78,4,47916.68,10,51618.41,13,70733.31,24,39344.74
14792,7,22589,0,1,2,34611.91,4,49861.13,10,48201.85,13,81848.61,24,39926.39
14799,7,22767.34,0,1,2,34549.92,4,40817.35,10,48594.24,13,73820.06,24,42355.06
14806,7,22666.55,0,1,2,28685.54,4,38298.54,10,46710.96,13,55464.6,24,27959.79
14813,7,20029.1,0,1,2,30319.88,4,35512.5,10,41695.37,13,55138.53,24,24132
14820,7,17709.46,0,1,2,25195.42,4,33527.62,10,39122,13,51265.43,24,27833.42
14827,7,21842.57,0,1,2,29730.29,4,32800.34,10,41561.44,13,47654.69,24,27984.71
14834,7,19178.36,0,1,2,27061.98,4,35877.79,10,40379.22,13,46502.43,24,25741.9
14841,7,17821.71,0,1,2,29596.98,4,30029.99,10,42503.85,13,45716.15,24,26640.84
14848,7,16309.44,0,1,2,25264.69,4,36913.1,10,43967.35,13,44748.38,24,24198.74
14855,7,18005.65,0,1,2,27545.9,4,37396.86,10,44611.03,13,44048.33,24,21997.28
14862,7,20824.49,1,1,2,30132.5,4,35713.93,10,40948.85,13,47122.85,24,21402.16
14869,7,17397.01,0,1,2,26473.56,4,35747.58,10,38930.17,13,37869.45,24,19794.74
14876,7,18227.39,0,1,2,26189.63,4,31466.3,10,38831.96,13,40465.8,24,16906.5
14883,7,16481.79,0,1,2,27350.84,4,32910.99,10,38074.01,13,40798.53,24,20948.57
14890,7,16350.96,0,1,2,28039.79,4,36607.75,10,40215.29,13,40738.67,24,18994.13
14897,7,16296.65,0,1,2,26440.36,4,34361.32,10,42804.31,13,42893.77,24,20568.22
14904,7,15395.27,0,1,2,26656.18,4,35121.94,10,38985.81,13,40002.26,24,19878.47
14911,7,17598.98,0,1,2,27622.15,4,35150.75,10,39434.7,13,38258.31,24,20323.38
14918,7,19136.58,0,1,2,28729.55,4,35552.38,10,41779.78,13,42531.94,24,20782.43
14925,7,21019.7,0,1,2,42628.64,4,45522.98,10,54474.51,13,64991.43,24,26005.95
14932,7,24313.72,0,1,2,53218.32,4,49992.79,10,67925.29,13,73425.7,24,32397.46
14939,7,72635.06,1,1,2,140648.34,4,132613.12,10,186036.55,13,194003.48,24,82849.15
14946,7,47406.83,0,1,2,94720.59,4,90879.23,10,115069.52,13,116917.13,24,57964.05
14953,7,63896.89,0,1,2,140504.01,4,121861.67,10,177412.42,13,169664.05,24,65998.85
14960,7,96198.12,0,1,2,167617.55,4,194187.36,10,248184.37,13,211387.48,24,86433.76
14967,7,166697.72,0,1,2,264837.42,4,293835.78,10,406988.63,13,292165.78,24,146200.56
14974,7,27433.06,1,1,2,37464.04,4,40327.46,10,61731.5,13,35081.52,24,22072.38
14981,7,17516.16,0,1,2,22101.64,4,27176.08,10,32431.16,13,23086.65,24,15361.19
14988,7,10774.06,0,1,2,16796.38,4,22220.95,10,32230.98,13,25770.19,24,15728.09
14995,7,12657.33,0,1,2,21683.09,4,26206.39,10,32795.1,13,29334.71,24,17702.61
15002,7,13957.4,0,1,2,19681.82,4,29911.25,10,35761.06,13,26165.82,24,15901.36
15009,7,17239.86,0,1,2,22120.83,4,31963.41,10,40527.53,13,29392.78,24,17276.59
15016,7,21169.06,1,1,2,28913.34,4,32817.64,10,49982.29,13,36139.24,24,20622.7
15023,7,24549.68,0,1,2,33235.49,4,45109.7,10,49794.14,13,42172.96,24,22545.06
15030,7,23811.23,0,1,2,31330.01,4,40788.66,10,51333.59,13,37008.45,24,23512.55
15037,7,19607.4,0,1,2,30314.48,4,39714.28,10,43440.94,13,41971.98,24,21039.36
15044,7,20304.74,0,1,2,26636.69,4,36419.1,10,48527.77,13,45530.64,24,18699.39
15051,7,22751.59,0,1,2,36391.92,4,44476.92,10,51302.3,13,43307.06,24,18557.59
15058,7,19958,0,1,2,28571.64,4,38610.69,10,47664.85,13,46677.78,24,18231.49
15065,7,20144.71,0,1,2,27458.9,4,35576.18,10,47741.12,13,48671.06,24,18859.92
15072,7,21617.85,0,1,2,30127.42,4,41452.87,10,51041.98,13,48106.94,24,17842.07
15079,7,19955.07,0,1,2,29259.78,4,37066.05,10,46810.97,13,55096.99,24,22065.84
15086,7,24606.39,0,1,2,36955.68,4,48673.38,10,67710.81,13,85011.97,24,33191.25
15093,7,22934.42,0,1,2,31594.23,4,40734.59,10,59731.17,13,58202.27,24,25087.48
15100,7,19394,0,1,2,27586.97,4,39785.35,10,46706.45,13,53407.43,24,22374.6
15107,7,21344.39,0,1,2,31771.61,4,45843.55,10,43714.39,13,52139.93,24,22104.71
15114,7,18787.41,0,1,2,29980.1,4,42328.23,10,47011.4,13,53403.12,24,19494.71
15121,7,26736.85,0,1,2,35636.31,4,54519.93,10,55609.97,13,57048.94,24,24363.92
15128,7,38450.3,0,1,2,56592.98,4,64586.72,10,58929.12,13,57780.42,24,43996.4
15135,7,38569.49,0,1,2,48319.84,4,56210.27,10,52718.23,13,70692.75,24,27135.59
15142,7,31439.02,0,1,2,40861.1,4,58892.12,10,49459.08,13,69106.96,24,25289.82
15149,7,23791.78,0,1,2,33210.32,4,49978.24,10,47915.46,13,66030.47,24,29447.42
15156,7,23747.1,0,1,2,39615.78,4,57908.72,10,50363.02,13,79350.97,24,32685.87
15163,7,20691.6,0,1,2,31485.13,4,42833.23,10,48468.48,13,90177.12,24,38114.88
15170,7,14805.42,0,1,2,28481.88,4,41846.85,10,43344.5,13,62079.83,24,30974.11
15177,7,16002.3,0,1,2,25548.72,4,38137.45,10,39473.82,13,58131.11,24,28245.17
15184,7,16061.11,0,1,2,24296.94,4,36373.8,10,38535.65,13,51773.34,24,25547.18
15191,7,17388.43,0,1,2,25814.41,4,39150.88,10,39953.86,13,51022.61,24,27097.02
15198,7,14088.28,0,1,2,26449.07,4,29545.41,10,37345.51,13,46431.78,24,23812.49
15205,7,13413.8,0,1,2,22054.58,4,29304.64,10,45602.43,13,45683.25,24,25432.37
15212,7,12116.03,0,1,2,22683.49,4,33811.61,10,40976.96,13,43280.53,24,21918.35
15219,7,14564.8,0,1,2,25244.28,4,39017.49,10,41224.48,13,43439.55,24,19934.12
15226,7,13370.82,1,1,2,25256.58,4,41722.37,10,39397.14,13,42061.9,24,22327.67
15233,7,14948.27,0,1,2,23412.76,4,39829.34,10,39469.62,13,44375.4,24,15453.34
15240,7,14836.91,0,1,2,23498.8,4,37392.34,10,43022.25,13,42996.66,24,15504.41
15247,7,13908.4,0,1,2,23724.17,4,35090.31,10,40164.69,13,40262.78,24,18206.27
15254,7,12758.28,0,1,2,25582.86,4,39751.24,10,39280.28,13,42724.15,24,19452.77
15261,7,13900.54,0,1,2,27161.4,4,38040.95,10,40775.29,13,38395.98,24,22093.77
15268,7,24664.06,0,1,2,49488.55,4,49930.58,10,53181.41,13,42285.58,24,31545.3
15275,7,26827.51,0,1,2,41236.08,4,58326.85,10,62530.06,13,42913.17,24,27454.08
15282,7,24182.96,0,1,2,52930.19,4,55835.08,10,62449.71,13,47958.93,24,31871.5
15289,7,25942.35,0,1,2,50781.91,4,57751.03,10,74561.8,13,64759.5,24,37969.43
15296,7,21953.16,0,1,2,53880.94,4,62505.04,10,73346.35,13,70448.98,24,32926.03
15303,7,71151.34,1,1,2,125080.78,4,146170.45,10,193531.53,13,190166.16,24,79878.88
15310,7,33118.33,0,1,2,75221.22,4,80692.79,10,111785.36,13,98709.88,24,47965.95
15317,7,47751.41,0,1,2,105859.41,4,115006.75,10,152008.66,13,163283.56,24,57474.3
15324,7,69511.06,0,1,2,138188.63,4,187664.88,10,205407.14,13,189804.04,24,82708.17
15331,7,119302.15,0,1,2,214118.51,4,318422.01,10,341308,13,259669.14,24,119343.44
15338,7,38216.01,1,1,2,56063.19,4,76234.73,10,90747.31,13,68421.79,24,35740.43
15345,7,12377.76,0,1,2,19058.99,4,34402.78,10,36797.51,13,25607.31,24,15836.42
15352,7,9194.61,0,1,2,17919.42,4,24761.41,10,29603.95,13,25694.95,24,12487.23
15359,7,10189.61,0,1,2,19496.87,4,28056.5,10,30775.12,13,27106.71,24,14863.25
15366,7,11228.15,0,1,2,18248.43,4,28409.3,10,29847.39,13,25739.34,24,12990.37
15373,7,16556.71,0,1,2,22087.93,4,32007.65,10,37853.16,13,31366.4,24,16541.22
15380,7,21619.05,1,1,2,31318.06,4,35719.36,10,42041.78,13,34682.2,24,21633.07
15387,7,16849.62,0,1,2,27611.91,4,39668.96,10,44957.19,13,39547.03,24,20895.68
15394,7,15956.87,0,1,2,26766.88,4,36916.11,10,47092.68,13,35019.25,24,25785.11
15401,7,16473.91,0,1,2,29143.18,4,35145,10,43153.93,13,34686.27,24,17610.71
15408,7,17500.24,0,1,2,27863.43,4,36368.5,10,45763.57,13,44023.01,24,18084.7
15415,7,20690.01,0,1,2,31696.46,4,48726.63,10,44752.19,13,53840.5,24,24181.12
15422,7,15628.59,0,1,2,27478.65,4,36847.99,10,43848.07,13,48963.87,24,26446.84
15429,7,18684,0,1,2,32676.16,4,44196.53,10,45081.04,13,57767.56,24,24924.67
15436,7,27171.41,0,1,2,44709.09,4,60350.24,10,66125.21,13,79850.02,24,37351.6
15443,7,21302.3,0,1,2,33272.51,4,48984.51,10,58371.58,13,67427.57,24,31590.08
15450,7,19056.92,0,1,2,29118.14,4,47855.67,10,44070.86,13,50236.21,24,21666.53
15457,7,18704.53,0,1,2,30778.46,4,49286.5,10,40376.25,13,56718.17,24,18255.27
15464,7,22956.83,0,1,2,38179.14,4,52949.81,10,45237.93,13,52005.92,24,18961.14
15471,7,23036.8,0,1,2,40999.93,4,44695.18,10,45674.48,13,55129.38,24,20890.57
15478,7,19180.11,0,1,2,41954.87,4,48638.75,10,44100.89,13,60211.29,24,21143.14
15485,7,28671.98,0,1,2,49836.42,4,63050.03,10,54769.01,13,61496.99,24,30612.44
15492,7,31568.92,0,1,2,56434.48,4,76274.69,10,55763.78,13,70962.52,24,37356.16
15499,7,30052.56,0,1,2,45828.75,4,64510.09,10,56415.8,13,79080.25,24,26136.51
15506,7,26249.22,0,1,2,39037.84,4,54156.73,10,50609.22,13,67309.77,24,33009.86
15513,7,24777.12,0,1,2,37024.98,4,52466.82,10,46346.57,13,63521.67,24,42648.68
15520,7,24077.39,0,1,2,41946.63,4,52355.23,10,44487.41,13,67214.68,24,35613.24
15527,7,27364.96,0,1,2,42776.06,4,53098.23,10,52184.74,13,86201.94,24,37757.13
15534,7,18427.17,0,1,2,31459.95,4,47206.67,10,40886.8,13,53306.67,24,26550.73
15541,7,16528.1,0,1,2,30088.37,4,48925.34,10,44949.14,13,50266.14,24,25099.06
15548,7,17171.35,0,1,2,28162.44,4,42318.94,10,37292.97,13,47981.91,24,22935.97
15555,7,16916.29,0,1,2,27606.23,4,39887.76,10,38975.93,13,48657.03,24,24141.01
15562,7,16552.49,0,1,2,28129.31,4,35885.16,10,41690.3,13,46326.33,24,24453.28
15569,7,16256.91,0,1,2,26030.66,4,36696.19,10,43456.01,13,52008.53,24,23170.09
15576,7,15159.94,0,1,2,26622.8,4,39219.35,10,42202.21,13,47188.54,24,22442.94
15583,7,15802.09,0,1,2,23292.25,4,43287.47,10,40301.02,13,44189.27,24,21336.07
15590,7,16941.42,1,1,2,27534.81,4,42650.69,10,40571.34,13,47072.37,24,22302.49
15597,7,15525.82,0,1,2,33616.53,4,41865.99,10,42506.8,13,45904.94,24,17206.91
15604,7,22542.44,0,1,2,43132.5,4,51044.21,10,50399.14,13,47138.72,24,24491.21
15611,7,22343.24,0,1,2,39330.13,4,50983.79,10,46282.84,13,43144.88,24,23130.57
15618,7,22071.39,0,1,2,34141.39,4,50293.51,10,51935.68,13,42023.13,24,25764.69
15625,7,20212.71,0,1,2,35288.99,4,48524.82,10,47548.04,13,37473.65,24,27129.99
15632,7,21937.45,0,1,2,37468.15,4,50064.05,10,60225.85,13,42991.39,24,21570.92
15639,7,21449.85,0,1,2,37302.54,4,47321.62,10,54045.23,13,39941.45,24,21461.95
14645,21,8907.63,0,1,2,12636.72,4,11574.09,10,12250.22,13,8295.62,24,6748.14
14652,21,8735.83,1,1,2,11932.84,4,11226.39,10,11164.4,13,9053.68,24,6361.91
14659,21,8949.67,0,1,2,12645.93,4,10264.33,10,11638.23,13,8879.13,24,7017.4
14666,21,8592.42,0,1,2,12108.36,4,10383.02,10,11519.01,13,9241.77,24,5589.04
14673,21,8275.44,0,1,2,12268.19,4,11921.61,10,10930.63,13,9568.96,24,7652.49
14680,21,7785.3,0,1,2,11849.63,4,10443.92,10,11315.48,13,8897.58,24,6453.88
14687,21,7829.35,0,1,2,12110.53,4,10103.51,10,11340.01,13,8960.67,24,6075.55
14694,21,7121.77,0,1,2,10845.7,4,9327.06,10,11957.33,13,11768.51,24,6817.32
14701,21,8432.73,0,1,2,11413.2,4,10705.58,10,13090.33,13,12401.05,24,8386.33
14708,21,8152.57,0,1,2,10703.09,4,9425.24,10,11951.45,13,10419.49,24,6251.42
14715,21,6907.06,0,1,2,10197.11,4,9012.61,10,10285.82,13,8769.87,24,6357.99
14722,21,7127.27,0,1,2,10289.38,4,9093.15,10,9288.43,13,8510.63,24,5155.34
14729,21,7665.23,0,1,2,10978.42,4,9395.41,10,10538.43,13,9085.32,24,5949.02
14736,21,8356.06,0,1,2,12322.1,4,10391.29,10,11163,13,11117.15,24,6159.85
14743,21,7905.15,0,1,2,10583.82,4,9669.69,10,10910.57,13,11486.19,24,6175.81
14750,21,7369.84,0,1,2,10005.31,4,8809.49,10,9542.04,13,8833.73,24,5620.89
14757,21,8570.69,0,1,2,10882.75,4,9817.27,10,10512.61,13,10173.59,24,6007.06
14764,21,8326.97,0,1,2,11543.27,4,9463.04,10,10748.51,13,9060.23,24,6764.15
14771,21,7516.34,0,1,2,11615.82,4,9474.15,10,10284.61,13,10311.16,24,6370.95
14778,21,8742.63,0,1,2,11365.7,4,9695.18,10,10825.46,13,10146.87,24,5970.86
14785,21,8143.9,0,1,2,11821.97,4,9077.66,10,10531.59,13,9712.46,24,5649.32
14792,21,8662.48,0,1,2,11467.79,4,10077.21,10,10677.5,13,9201.6,24,7928.13
14799,21,8739.92,0,1,2,12155.36,4,9965.62,10,10909.9,13,9428.68,24,8735.03
14806,21,8403.67,0,1,2,12791.98,4,9932.06,10,10294.26,13,10447.73,24,6855.8
14813,21,7070.09,0,1,2,11060.01,4,8771.53,10,10430.76,13,9616.54,24,6898.58
14820,21,7305.13,0,1,2,11725.69,4,8196.96,10,10306.79,13,8995.25,24,6984.78
14827,21,7573.36,0,1,2,10766.95,4,8842.16,10,10215.49,13,9447.81,24,6892.14
14834,21,7662.31,0,1,2,9930.44,4,9317.17,10,9983.47,13,8894.26,24,6511.27
14841,21,6712.09,0,1,2,9702.27,4,9418.5,10,9083.56,13,8939,24,6799.93
14848,21,7281.05,0,1,2,10921.49,4,9011.61,10,9154.83,13,10082.98,24,6624.66
14855,21,8664.27,0,1,2,11285.44,4,8655.42,10,9301.74,13,9896.86,24,6695.66
14862,21,7966.59,1,1,2,9745.75,4,8747.54,10,9138.42,13,8135.32,24,6514.62
14869,21,7477.6,0,1,2,10302.25,4,9590.41,10,9371.83,13,7773.88,24,5879.33
14876,21,6974.13,0,1,2,9809.48,4,8995.38,10,8577.84,13,7107.78,24,5745.76
14883,21,7880.07,0,1,2,10544.26,4,9430.58,10,8795.03,13,9994.88,24,5637.27
14890,21,7632.01,0,1,2,9604.46,4,10155.4,10,9429.5,13,9317.31,24,5885.91
14897,21,7578.99,0,1,2,8948.53,4,9423.23,10,9019.44,13,9402.5,24,6503.93
14904,21,7225.88,0,1,2,9019.85,4,9287.01,10,8303.12,13,8638.99,24,5659.53
14911,21,7266.9,0,1,2,11195.53,4,9039.72,10,8987.64,13,8347.53,24,5216.77
14918,21,7608.28,0,1,2,10925.31,4,9709.91,10,8910.93,13,8462.28,24,5245.97
14925,21,7969.61,0,1,2,11716.35,4,10001.7,10,10068.21,13,10120.44,24,5514.12
14932,21,7394.27,0,1,2,11401.31,4,10669.33,10,9485.63,13,9364.42,24,5646
14939,21,9093.19,1,1,2,13362.66,4,11260.29,10,11736.06,13,11651.86,24,7581.05
14946,21,8844.39,0,1,2,11121.14,4,10255.34,10,10357.17,13,11028.56,24,5681.22
14953,21,9160.14,0,1,2,13236.88,4,10837.35,10,12168.83,13,13993.79,24,7036.9
14960,21,10135.43,0,1,2,16929.94,4,12242.26,10,14658.62,13,16646.56,24,7737.37
14967,21,12446.93,0,1,2,19078.6,4,17297.96,10,19679.57,13,24690.92,24,12585.79
14974,21,6349.45,1,1,2,8979.65,4,7688.92,10,7573.06,13,6748.11,24,5361.64
14981,21,7716.16,0,1,2,9574.93,4,7823.23,10,7987.07,13,8048.21,24,5055.94
14988,21,6359.4,0,1,2,8643.58,4,8898.62,10,8498.3,13,7532.77,24,4888.73
14995,21,6480.25,0,1,2,9135.87,4,8770.9,10,8446.47,13,8239.53,24,4655.81
15002,21,7217.54,0,1,2,9013.4,4,8462.37,10,8343.82,13,7858.71,24,4775.27
15009,21,7331.93,0,1,2,9147.97,4,8838.61,10,9000.83,13,8694.12,24,4920.97
15016,21,8058.65,1,1,2,10754.79,4,8819.19,10,9302.37,13,8924.67,24,5773.57
15023,21,8478.51,0,1,2,9837.68,4,10295.39,10,9073.11,13,8384.58,24,6303.33
15030,21,7274.81,0,1,2,9712.93,4,8813.16,10,9178.72,13,8492.52,24,6461.63
15037,21,8488.15,0,1,2,10740.44,4,8675.89,10,9515.76,13,9052.03,24,5626.43
15044,21,7731.5,0,1,2,9810.96,4,8828.24,10,8950.55,13,8782.3,24,4878.37
15051,21,7263.97,0,1,2,9772.01,4,9688.6,10,8754.44,13,8255.74,24,4843.85
15058,21,6303.72,0,1,2,8248.74,4,8815.75,10,8143.35,13,8961.29,24,5203.8
15065,21,7161.88,0,1,2,9624.28,4,7605.77,10,8779.46,13,9464.88,24,5326.67
15072,21,7486.59,0,1,2,9599.72,4,8493.29,10,9098.21,13,8525.67,24,5690.98
15079,21,7167.39,0,1,2,9219.99,4,7946.64,10,8500.21,13,9738.52,24,5393.46
15086,21,7503.26,0,1,2,9966.49,4,8949.11,10,10251.9,13,11319.08,24,7231.48
15093,21,7443.54,0,1,2,9816.53,4,8040.68,10,9050.35,13,10496.04,24,5601.39
15100,21,8099.62,0,1,2,10281.07,4,9068.74,10,9548.12,13,9835.86,24,5543.33
15107,21,7135.34,0,1,2,8960.17,4,8448.28,10,8237.68,13,9033.78,24,5900.96
15114,21,5898.29,0,1,2,8424.39,4,7636.43,10,8538.93,13,7403.84,24,4988.63
15121,21,6857.5,0,1,2,8606.54,4,7849.34,10,7827.02,13,8139.65,24,4743.21
15128,21,7490.16,0,1,2,8609.49,4,7630.66,10,9259.8,13,9214.53,24,5386.67
15135,21,7100.54,0,1,2,9474.59,4,8365.77,10,9184.73,13,9299.89,24,5482.93
15142,21,6261.02,0,1,2,9212.06,4,8345.83,10,9129.33,13,8166.01,24,4942.99
15149,21,7662.72,0,1,2,11085.94,4,8523.81,10,9696.8,13,7783.83,24,6079.3
15156,21,6546.71,0,1,2,10241.1,4,8202.82,10,9774.46,13,7170.17,24,6079.68
15163,21,6943.22,0,1,2,9499.1,4,8364.35,10,8721.13,13,6605.86,24,7012.04
15170,21,7118.71,0,1,2,8963.2,4,8213.66,10,8673.32,13,7745.42,24,6829.97
15177,21,7550.92,0,1,2,9152.1,4,7648.55,10,7977.09,13,7132.15,24,6708.29
15184,21,7825.99,0,1,2,9629.14,4,7816.02,10,8157.98,13,7277.43,24,6692.01
15191,21,8404.28,0,1,2,9035.35,4,8262.34,10,9096.66,13,7586.02,24,5815.24
15198,21,7662.32,0,1,2,8913.96,4,7393.11,10,9003.9,13,7548.38,24,6697.5
15205,21,7619.8,0,1,2,9409.3,4,7794.81,10,8520.86,13,7752.5,24,6217.12
15212,21,7739.79,0,1,2,8657.7,4,7435.47,10,8193.44,13,8194.01,24,6611.54
15219,21,8384.67,0,1,2,9390.45,4,8112.28,10,8939.84,13,9091.05,24,5924.21
15226,21,8021.04,1,1,2,8379.19,4,7209.35,10,9389.47,13,8262.56,24,6402.14
15233,21,8792.26,0,1,2,8567.34,4,7559.22,10,8763.3,13,8651.78,24,5508.82
15240,21,7764.04,0,1,2,9075.57,4,8499.74,10,8716.02,13,8187.57,24,5143.02
15247,21,8104,0,1,2,9189.47,4,7873.74,10,8437.7,13,8087.75,24,5913.76
15254,21,9020.44,0,1,2,9324.92,4,8644.83,10,8950.53,13,10060.2,24,5744.84
15261,21,7774.11,0,1,2,8782.91,4,8061.47,10,8724.99,13,9366.25,24,6055.32
15268,21,8113.95,0,1,2,9107.84,4,8510.28,10,8382.65,13,8534.76,24,5417.94
15275,21,8346.1,0,1,2,9556.5,4,9122.54,10,9416.32,13,8186.06,24,5885.21
15282,21,8784.77,0,1,2,9811.09,4,8970.74,10,9198.9,13,8667.94,24,5913.83
15289,21,8742.41,0,1,2,10535.35,4,9127.91,10,10732.07,13,10563.28,24,6155.48
15296,21,7820.46,0,1,2,9330.41,4,8835.49,10,10952.31,13,10211.38,24,5327.79
15303,21,10158.02,1,1,2,12030.12,4,10270.75,10,12030.07,13,14147.36,24,7484.88
15310,21,7854.17,0,1,2,9695.55,4,7475.07,10,9748.78,13,9862.05,24,5562.75
15317,21,9686.83,0,1,2,11415.99,4,8861.19,10,12466.98,13,12735.11,24,6605.37
15324,21,10855.44,0,1,2,14811.89,4,11854.11,10,14244.43,13,14694.41,24,8092.04
15331,21,13551.98,0,1,2,15774.84,4,13784.36,10,20989.48,13,22140.33,24,12054.66
15338,21,7329.41,1,1,2,7873.65,4,7540.26,10,9257.82,13,9916.35,24,6928.66
15345,21,7154.5,0,1,2,8154.63,4,8290.13,10,7734.22,13,7055.36,24,5392.04
15352,21,7090.86,0,1,2,8208.17,4,8391.07,10,8663.33,13,6430.84,24,4847.67
15359,21,7062.96,0,1,2,8457,4,8096.53,10,7726.83,13,6121.56,24,4677.75
15366,21,6843.13,0,1,2,7767.15,4,6836.31,10,7407.12,13,6007.55,24,4150.8
15373,21,8168.45,0,1,2,8852.23,4,7981.69,10,8426.37,13,7139.92,24,5107.97
15380,21,8467.27,1,1,2,9374.27,4,8380.16,10,9336.83,13,7543.15,24,5747.53
15387,21,9065.08,0,1,2,9390.08,4,8456.93,10,10022.34,13,8579.85,24,6155.1
15394,21,8042.3,0,1,2,9471.68,4,9104.27,10,9354.65,13,9067.62,24,6516.89
15401,21,9722.09,0,1,2,9860.07,4,8772.56,10,9812.67,13,9196.32,24,6096.89
15408,21,7309.95,0,1,2,9884.76,4,9289.6,10,11182.96,13,9179.88,24,7323.58
15415,21,8184.24,0,1,2,8989.2,4,9979.94,10,9820.93,13,9870.86,24,5882.29
15422,21,7602.33,0,1,2,8674.57,4,8499.91,10,9548.33,13,9143.73,24,5920.45
15429,21,8410.81,0,1,2,10124.45,4,8961.67,10,10237.11,13,10086.41,24,6212.07
15436,21,10083.36,0,1,2,10106.41,4,10490.63,10,12147.68,13,10999.61,24,8974.8
15443,21,7223.96,0,1,2,9092.4,4,7929,10,10786.55,13,9245.36,24,6212.48
15450,21,6508.01,0,1,2,8874.06,4,7721.92,10,8709.98,13,7663.97,24,4745.07
15457,21,7561.57,0,1,2,8133.31,4,7831.22,10,9179.73,13,7430.59,24,4516.8
15464,21,7873.18,0,1,2,8238.31,4,7690.52,10,10351.61,13,8665.44,24,5317.07
15471,21,7120.67,0,1,2,8270.06,4,7558.25,10,8782.86,13,8823.62,24,4783.48
15478,21,7124.99,0,1,2,8450.82,4,7337.93,10,8524.04,13,8293.43,24,4380.5
15485,21,6872.63,0,1,2,8227.68,4,8002.98,10,8910.75,13,6538.39,24,5061.21
15492,21,7206.04,0,1,2,7567.53,4,7803.73,10,8793.24,13,7387.19,24,5954.5
15499,21,7373.09,0,1,2,7823.94,4,8362.22,10,8571.5,13,7403.34,24,6052.95
15506,21,7345.49,0,1,2,7826.65,4,7377.17,10,9963.36,13,9021.52,24,5491.88
15513,21,7768.11,0,1,2,7672,4,7463.75,10,9370.33,13,7992.86,24,5911.95
15520,21,6490.2,0,1,2,7845.35,4,7713.87,10,8655.5,13,6648.73,24,6563.78
15527,21,7500.71,0,1,2,8662.35,4,8518.1,10,8648.94,13,8106.17,24,8091.15
15534,21,6717.31,0,1,2,7938.67,4,7285.41,10,8280.61,13,6976.8,24,6857.29
15541,21,6321.9,0,1,2,7230.31,4,7950.66,10,8072.86,13,7309.74,24,6691.82
15548,21,6371.95,0,1,2,8001.08,4,7239.77,10,9234.04,13,6899.43,24,6350.95
15555,21,6393.77,0,1,2,7937.24,4,7179.84,10,8436.15,13,7131.05,24,7222.68
15562,21,6752.85,0,1,2,8605.48,4,7642.68,10,8256.85,13,6960.12,24,7647.8
15569,21,6182.36,0,1,2,8420.22,4,7585.38,10,8881.67,13,7457.31,24,6794.45
15576,21,6965.28,0,1,2,7917,4,8024.2,10,8634.27,13,8010.88,24,6055.16
15583,21,7031.77,0,1,2,9235.42,4,8223.79,10,8699.51,13,8003.55,24,6620.14
15590,21,8258.47,1,1,2,9360.64,4,8649.21,10,8979.11,13,8604.31,24,6692.61
15597,21,8013.36,0,1,2,8612.57,4,8464.84,10,7857.28,13,8364.2,24,5979.28
15604,21,7085.79,0,1,2,7709.25,4,6742.76,10,7914.39,13,8335.29,24,5678.12
15611,21,7737.13,0,1,2,7547.16,4,7090.73,10,7662.82,13,8175.91,24,5928.91
15618,21,7790.01,0,1,2,9091.03,4,7956.11,10,8365.29,13,8988.35,24,5681.32
15625,21,7020.8,0,1,2,8406.99,4,8379.57,10,8942.48,13,8348.91,24,5574.67
15632,21,7614.71,0,1,2,7988.96,4,7763.21,10,8832.31,13,7672.91,24,4868.36
15639,21,8194.63,0,1,2,7985.45,4,7540.82,10,8204.13,13,7766.34,24,4830.34
14645,40,66780.63,0,1,2,96799.15,4,87370.88,10,119463.15,13,85645.25,24,45441.79
14652,40,60828.25,1,1,2,80924.71,4,82453.2,10,111422.87,13,81957.04,24,44787.5
14659,40,68569.53,0,1,2,89782.95,4,83546.43,10,111314.39,13,80552.01,24,45526.25
14666,40,64328.29,0,1,2,87027.09,4,83254.38,10,112665.97,13,84627.53,24,37961.32
14673,40,67000.83,0,1,2,88933.14,4,86455.64,10,115748.81,13,85470.55,24,50051.35
14680,40,59799.42,0,1,2,84593.2,4,82447.36,10,110799.47,13,81118.99,24,42832.48
14687,40,57384.35,0,1,2,83065.51,4,77594.83,10,107603.92,13,78372.77,24,41547.41
14694,40,57837.28,0,1,2,77709.5,4,73442.73,10,106023.55,13,75684.74,24,44266.85
14701,40,62278.04,0,1,2,81990.47,4,76468.66,10,111080.02,13,80136.13,24,46171.8
14708,40,59141.39,0,1,2,78820.23,4,71927.48,10,110709.39,13,72097.75,24,40394.63
14715,40,58400.17,0,1,2,81013.29,4,73314.86,10,109054.68,13,74309.49,24,42127.81
14722,40,58623.36,0,1,2,80342.6,4,71424.16,10,108830.33,13,78747.02,24,44488.61
14729,40,57805.71,0,1,2,78670.22,4,76855.97,10,104866.12,13,77194.62,24,43624.53
14736,40,61099.85,0,1,2,86713.31,4,75815.23,10,103361.97,13,77209.99,24,44318.21
14743,40,54394.6,0,1,2,79151.97,4,69940.43,10,97527.68,13,71315.47,24,43142.93
14750,40,53707.85,0,1,2,78375.85,4,72981.77,10,103589.12,13,73471.02,24,43361.77
14757,40,56109.3,0,1,2,81274.03,4,68415.4,10,100754.66,13,75415.23,24,46731.65
14764,40,58507.93,0,1,2,80970.15,4,72193.72,10,105313.64,13,75160.75,24,48944.19
14771,40,54805.3,0,1,2,78177.23,4,68635.62,10,98142.62,13,78215.87,24,45003.53
14778,40,53618.54,0,1,2,77676.5,4,70573.99,10,97333.67,13,78358.04,24,43853.06
14785,40,51298.1,0,1,2,78256.62,4,69541.32,10,93005.99,13,75913.44,24,43382.66
14792,40,56751.6,0,1,2,79559.23,4,71548.7,10,100447.15,13,79032.6,24,51983.23
14799,40,54315.84,0,1,2,73455.17,4,71112.16,10,94171.18,13,70858.31,24,48855.16
14806,40,54176.59,0,1,2,72268.46,4,71358.16,10,96568.73,13,74196.99,24,45992.17
14813,40,52239.9,0,1,2,73673.65,4,70436.16,10,94608.46,13,71523.35,24,46105.16
14820,40,52943.16,0,1,2,75145.76,4,69839.51,10,94911.29,13,69029.2,24,46382.75
14827,40,57414.42,0,1,2,73896.66,4,75381.62,10,97051.19,13,73623.78,24,46185.26
14834,40,52672.69,0,1,2,72454.87,4,74925.4,10,95950.07,13,69229.3,24,46640.55
14841,40,53735.68,0,1,2,74005.2,4,73047.69,10,98834.73,13,72517.76,24,45810.59
14848,40,53819.66,0,1,2,70850.91,4,71211.72,10,91997.3,13,72047,24,45955.59
14855,40,60555.12,0,1,2,81729.86,4,78878.44,10,98718.44,13,76251.73,24,46403.57
14862,40,59179.16,1,1,2,76308.01,4,75610.4,10,96323.89,13,75591.71,24,47621.75
14869,40,56516.67,0,1,2,78273.6,4,77255.61,10,96258.04,13,74446.44,24,45102.08
14876,40,55407.67,0,1,2,77898.82,4,72542.49,10,95085.47,13,72706.15,24,43730.97
14883,40,58625.28,0,1,2,81829.64,4,76349.73,10,91639.34,13,75273.96,24,44020.74
14890,40,59429.87,0,1,2,81721.13,4,80061.65,10,97832.4,13,74908.49,24,45288.9
14897,40,55682.39,0,1,2,79973.9,4,77192.05,10,94529.46,13,72122.78,24,43928.26
14904,40,54444.19,0,1,2,79263.34,4,78770.01,10,97115.77,13,72344.53,24,45518.46
14911,40,55868.01,0,1,2,77303.33,4,75566.08,10,95448.66,13,70497.28,24,44105.3
14918,40,62762.19,0,1,2,89291.66,4,82621.8,10,104017.37,13,77294.94,24,44665.56
14925,40,59117.63,0,1,2,79677.32,4,78656.15,10,101523.88,13,76325.29,24,44601.27
14932,40,58214.46,0,1,2,79135.97,4,79960.92,10,99819.96,13,74814.38,24,43944.15
14939,40,56333.22,1,1,2,74415,4,74199.38,10,85813.73,13,70440.58,24,39587.14
14946,40,63116.31,0,1,2,82762.04,4,78935.24,10,101613.03,13,78220.32,24,43830.16
14953,40,60654.17,0,1,2,86057.76,4,80493.2,10,105935.76,13,81174.08,24,45574.37
14960,40,62733.74,0,1,2,81361.6,4,84309.67,10,101891.97,13,78311.06,24,43857.25
14967,40,67450.08,0,1,2,93400.92,4,83268.21,10,100877.03,13,87474.15,24,52591.37
14974,40,58568.16,1,1,2,80512.05,4,74886.22,10,90374.54,13,82867.24,24,43834.79
14981,40,63517.55,0,1,2,84723.83,4,84654.62,10,109513.44,13,83764,24,42178.54
14988,40,59221.57,0,1,2,78374.47,4,82412.81,10,103707.85,13,77200.8,24,43275.55
14995,40,61387.36,0,1,2,80379.69,4,83012.22,10,101904.95,13,81602.36,24,40586.11
15002,40,60671.09,0,1,2,80614.79,4,81145.37,10,103889.59,13,75530.87,24,41303.43
15009,40,63996.04,0,1,2,76890.06,4,82668.97,10,107929.61,13,82996.58,24,40369.56
15016,40,67392.25,1,1,2,90452.83,4,87852.96,10,114882.51,13,81006.32,24,45544.35
15023,40,65145.21,0,1,2,81936.13,4,84709.78,10,114775.6,13,82811.36,24,45043.81
15030,40,63509.85,0,1,2,78970.78,4,86993.07,10,106634.52,13,82480.31,24,43584.17
15037,40,68427.08,0,1,2,84898.27,4,86669.22,10,110671.46,13,82666.85,24,45713.19
15044,40,62499.24,0,1,2,84226.54,4,83458.08,10,109522.53,13,78811.68,24,42614.91
15051,40,59935.75,0,1,2,81929.82,4,86428.79,10,104969.28,13,78840.88,24,42062.25
15058,40,61393.06,0,1,2,76085.88,4,74548.27,10,103454.78,13,76854.21,24,41396.1
15065,40,62296.54,0,1,2,77820.37,4,76119.09,10,103065.22,13,79256.33,24,42416.05
15072,40,61678.44,0,1,2,78530.17,4,80001.09,10,105603.8,13,74348.4,24,42523.59
15079,40,59002.81,0,1,2,74495.92,4,74405.32,10,97973.92,13,75036.27,24,41118.83
15086,40,56157.54,0,1,2,72967.41,4,79351.78,10,101418.72,13,75828.88,24,42845.16
15093,40,55277.98,0,1,2,71226.32,4,69723.64,10,98558.93,13,73950.49,24,38362.84
15100,40,59451.44,0,1,2,78544.61,4,81507.37,10,105323.95,13,79325.35,24,45396.26
15107,40,54974.92,0,1,2,74941.86,4,71133.63,10,97138.38,13,74058.58,24,44853.88
15114,40,54356.13,0,1,2,70555.83,4,73427.45,10,99071.79,13,73909.01,24,45942.02
15121,40,54003.35,0,1,2,73256.3,4,76374.45,10,93346.87,13,75057.86,24,43087.48
15128,40,57452.29,0,1,2,72807.63,4,75210.09,10,94989.76,13,74839.95,24,50151.99
15135,40,56035.29,0,1,2,75759.85,4,74073.38,10,94161.62,13,74943.94,24,45501.3
15142,40,53286.19,0,1,2,71459.63,4,73144.6,10,95683.47,13,80818.52,24,43610.33
15149,40,49621.61,0,1,2,70365.28,4,72221.42,10,91111.7,13,74485.59,24,42410.68
15156,40,54963.04,0,1,2,73362.36,4,75289.02,10,90822.08,13,74702.81,24,48093.95
15163,40,54701.65,0,1,2,69471.89,4,70637.62,10,87316.81,13,74420.53,24,47276.54
15170,40,50544.99,0,1,2,68104.38,4,74879.58,10,93165.92,13,72838.01,24,42717.87
15177,40,49585.06,0,1,2,66306.93,4,73049.8,10,90188.25,13,73271.77,24,42314.87
15184,40,48943.99,0,1,2,66393.65,4,69718.78,10,88742.79,13,69655.8,24,43576.46
15191,40,56976.03,0,1,2,70565.93,4,77115.2,10,93233.24,13,76257.56,24,45048.57
15198,40,51106.65,0,1,2,68597.94,4,71634.65,10,93704.22,13,74115.14,24,45200.91
15205,40,53241.38,0,1,2,71015.08,4,75363.68,10,92525.37,13,73859.1,24,43796.49
15212,40,54901.78,0,1,2,71795.39,4,72352.3,10,90741.13,13,74929.69,24,48314.59
15219,40,57323.34,0,1,2,74590.76,4,80002.69,10,96273.26,13,77361.33,24,38323.18
15226,40,56234.81,1,1,2,72308.58,4,80531.1,10,93133.89,13,74321.75,24,45271.36
15233,40,58226.24,0,1,2,72681.2,4,78758.36,10,91755.68,13,77133.31,24,42691.46
15240,40,55280.21,0,1,2,71884.6,4,78930.99,10,94732,13,74565.52,24,45474.09
15247,40,56542.57,0,1,2,74442.16,4,77912.07,10,92255.21,13,72574.92,24,44540.78
15254,40,62225.38,0,1,2,79177.89,4,81476.46,10,99169.95,13,78465.18,24,47516.61
15261,40,54758.87,0,1,2,70716.88,4,78493.69,10,95710.94,13,73024.33,24,44092.81
15268,40,54344.36,0,1,2,70862.73,4,82695.07,10,92492.33,13,74810.3,24,41799.68
15275,40,54994.01,0,1,2,69317.13,4,79046.56,10,93319.55,13,73093.56,24,43270.07
15282,40,60596.74,0,1,2,77150.3,4,84493.53,10,97892.92,13,79052.18,24,42904.74
15289,40,58511.53,0,1,2,77075.94,4,80734.11,10,101560.23,13,80333.23,24,46144.6
15296,40,56500.66,0,1,2,73268.69,4,80158.9,10,92908.93,13,74794.8,24,42080.63
15303,40,53816.93,1,1,2,69479.79,4,73619.8,10,84132.61,13,69642.23,24,42685
15310,40,63497.31,0,1,2,77967.74,4,75396.76,10,100044.69,13,74415.72,24,44558.66
15317,40,61261.65,0,1,2,77914.16,4,80935.4,10,101623.23,13,79808.55,24,45918.67
15324,40,59020.69,0,1,2,79194.43,4,78319.34,10,100175.96,13,79239.49,24,45432.68
15331,40,63663.51,0,1,2,84750.87,4,87314.12,10,105179.65,13,84222.7,24,50019.27
15338,40,55520.06,1,1,2,74489.03,4,69237.54,10,89567.37,13,72207.62,24,43593.21
15345,40,65669.34,0,1,2,86607.58,4,88894.97,10,101849.49,13,86070.5,24,48665.23
15352,40,61166.26,0,1,2,79394.16,4,82755.45,10,105041.12,13,82670.64,24,47075.25
15359,40,57819.87,0,1,2,79675.79,4,86144.81,10,104057.94,13,79511.04,24,44552.21
15366,40,55272.9,0,1,2,76568.94,4,82450.27,10,102963.23,13,79054.82,24,42019.64
15373,40,67574.43,0,1,2,86312.55,4,89779.5,10,110360.8,13,85579.42,24,47524.55
15380,40,66858.78,1,1,2,81832.29,4,89784.52,10,116695.9,13,84217.1,24,47901.81
15387,40,63913.1,0,1,2,81678.32,4,87562.56,10,111069.91,13,86728.3,24,46685.78
15394,40,63852.3,0,1,2,83124.39,4,87624.17,10,108709.63,13,83652.27,24,48164.97
15401,40,66944.08,0,1,2,87036.03,4,93453.04,10,114250.41,13,84808.52,24,45079.92
15408,40,65110.73,0,1,2,86048.96,4,87966.8,10,114110.35,13,85994.63,24,46923.51
15415,40,61283.62,0,1,2,81624.83,4,82799.69,10,110244.7,13,81846.56,24,45049.46
15422,40,59756.62,0,1,2,75780.29,4,79256.49,10,104280.74,13,82435.77,24,43396.44
15429,40,61229.13,0,1,2,77839.75,4,78541.52,10,101383.23,13,82388.92,24,47236.21
15436,40,64686.95,0,1,2,81173.02,4,86280.29,10,109000.47,13,78998.4,24,49993.86
15443,40,59646.09,0,1,2,73992.82,4,75753.93,10,102277.59,13,77712.67,24,44892.5
15450,40,60905.45,0,1,2,79392.43,4,85315.89,10,102518.6,13,82077.78,24,46635.21
15457,40,60164.22,0,1,2,80544.87,4,79141.16,10,94823.11,13,77716.26,24,43957.05
15464,40,64719.29,0,1,2,86362.58,4,84036.85,10,100777.93,13,81842.41,24,49070.23
15471,40,57434.64,0,1,2,78730.79,4,75587.37,10,101453.65,13,80704.69,24,46468.59
15478,40,57097.72,0,1,2,78805.29,4,81013.8,10,96650.58,13,77662.08,24,43121.31
15485,40,57995.27,0,1,2,76840.74,4,77548.31,10,99114.78,13,79052.13,24,48104.07
15492,40,58094.41,0,1,2,76342.23,4,80235.47,10,94341.99,13,80883.94,24,48110.37
15499,40,58426.12,0,1,2,82022.26,4,80863.27,10,97307.57,13,84112.78,24,49958.6
15506,40,55600.99,0,1,2,73610.36,4,79304.93,10,97264.18,13,79286.73,24,45396.79
15513,40,54157.81,0,1,2,78545.03,4,77957.49,10,92493.99,13,77526.32,24,45863.23
15520,40,57655.87,0,1,2,76874.71,4,81459.25,10,91281.21,13,80569.55,24,48233.08
15527,40,59627.75,0,1,2,76536.89,4,79372.92,10,96262.62,13,79198.92,24,53677.21
15534,40,53981.14,0,1,2,73179.59,4,77096.08,10,94631.15,13,78673.88,24,49901.85
15541,40,54840.74,0,1,2,75567.17,4,79165.24,10,93513.53,13,77104.81,24,47815.67
15548,40,53286.98,0,1,2,74368.18,4,77360.73,10,93146.97,13,73127.59,24,46727.59
15555,40,59729.29,0,1,2,78740.15,4,82270.82,10,95260.45,13,78588.62,24,50764.84
15562,40,57803.56,0,1,2,75690.26,4,78338.17,10,98585.78,13,78201.98,24,49838.11
15569,40,54852.61,0,1,2,77078.83,4,80865.06,10,98694.38,13,79853.32,24,48344.9
15576,40,55113.94,0,1,2,73665.93,4,81757.96,10,98800.09,13,76757.55,24,47629.22
15583,40,59897.79,0,1,2,77013.83,4,81893.01,10,92971.95,13,80189.75,24,50320.27
15590,40,61156.64,1,1,2,80757.91,4,85703.12,10,97251.53,13,80777.86,24,49115.55
15597,40,60364.66,0,1,2,81225.28,4,83030.87,10,95464.9,13,83208.33,24,43447.49
15604,40,57957.57,0,1,2,81480.97,4,80696.21,10,91925.86,13,81597.4,24,47687.94
15611,40,56346.83,0,1,2,79305.26,4,76724.11,10,94653.7,13,82334.76,24,45206.87
15618,40,63639.01,0,1,2,82468.01,4,87756.28,10,98848.77,13,81098.94,24,47930.12
15625,40,56659.18,0,1,2,78961.25,4,79997.68,10,97283.41,13,82142.89,24,48746.55
15632,40,56386.37,0,1,2,76958.58,4,79449.38,10,94644.66,13,77052.02,24,45445.66
15639,40,59287.86,0,1,2,77608.73,4,82878.16,10,95015,13,77927.39,24,45908.36
14645,81,30052.75,0,1,2,32543.64,4,29863.11,10,11343,13,32015.72,24,25120.01
14652,81,30694.25,1,1,2,33361.51,4,29523.92,10,11101.11,13,29406.4,24,24800.25
14659,81,28784.91,0,1,2,29863.25,4,27790.99,10,10165.78,13,30687.4,24,21810.27
14666,81,28213.79,0,1,2,29834.16,4,27548.83,10,11422.28,13,31246.71,24,21356.86
14673,81,29957.47,0,1,2,31887.2,4,29097.7,10,11073.84,13,33062.55,24,25358.53
14680,81,29272.13,0,1,2,31610.78,4,28597.98,10,11958.09,13,31146.55,24,23395.27
14687,81,30287.91,0,1,2,32060.11,4,29260.42,10,11206.5,13,31462.31,24,21406.18
14694,81,29871.06,0,1,2,28639.43,4,26594.79,10,11267.51,13,29963.14,24,22313.44
14701,81,29649.34,0,1,2,32613.74,4,28639.36,10,11491.39,13,31254.51,24,24316.34
14708,81,30023.4,0,1,2,31396.1,4,27736.21,10,10904.04,13,28560.53,24,23455.1
14715,81,28518.47,0,1,2,32165.46,4,28960.34,10,11269.31,13,32099.04,24,23880.66
14722,81,27455.91,0,1,2,31442.16,4,29530.37,10,11899.17,13,32037.27,24,23235.43
14729,81,28836.25,0,1,2,30399.36,4,29489.85,10,11804.49,13,30734.46,24,23890.1
14736,81,31614.83,0,1,2,32977.2,4,31413.84,10,12859.76,13,33324.41,24,27705.77
14743,81,29631.17,0,1,2,31031.38,4,30164.47,10,11860.87,13,31860.18,24,24330.54
14750,81,28081.1,0,1,2,31742.85,4,32442.25,10,11606.44,13,33035.13,24,23870.61
14757,81,28638.96,0,1,2,32539.75,4,29535.75,10,11496.05,13,34271.75,24,27004.56
14764,81,30186.24,0,1,2,33969.05,4,31472.63,10,11548.66,13,33897.98,24,28034.96
14771,81,30813.12,0,1,2,33801.49,4,31225.04,10,11699.05,13,36211.33,24,26323.13
14778,81,30070.24,0,1,2,33886.47,4,31628.31,10,11177.85,13,35082.91,24,24515.06
14785,81,27966.9,0,1,2,31162.04,4,28620.35,10,9993.56,13,33373.99,24,24280.56
14792,81,30551.07,0,1,2,34041.09,4,31404.43,10,11684.87,13,34431.48,24,29233.06
14799,81,32226.46,0,1,2,33909.88,4,30834.02,10,11583.13,13,32602.03,24,28744.72
14806,81,29250.38,0,1,2,32496.82,4,30631.32,10,11376.2,13,33681.2,24,25030.41
14813,81,28636.43,0,1,2,31116.1,4,29742.83,10,12215.33,13,33207.56,24,24453.7
14820,81,27202.87,0,1,2,30664.38,4,29006.3,10,12292.07,13,31731.52,24,24414.49
14827,81,31201.67,0,1,2,32317.34,4,30091.58,10,12391.95,13,33639.79,24,26734.51
14834,81,29938.23,0,1,2,31218.42,4,31181.08,10,10888,13,32682.71,24,26316.61
14841,81,29172.25,0,1,2,30900.1,4,31506.64,10,11001.6,13,33129.73,24,24365.75
14848,81,27605.17,0,1,2,30135.89,4,29856.74,10,10164.26,13,32871.64,24,23461.47
14855,81,30199.35,0,1,2,31517.02,4,29458.07,10,10886.61,13,33935.5,24,26720.89
14862,81,30035.78,1,1,2,31354.52,4,30301.83,10,10279.98,13,29595.84,24,27617.38
14869,81,28747.53,0,1,2,30509.71,4,31108.14,10,9331.18,13,30829.38,24,24093.39
14876,81,26864.57,0,1,2,29350.11,4,29532.25,10,10334.65,13,28532.11,24,22879.19
14883,81,28460.62,0,1,2,30572.39,4,29407.93,10,10481.3,13,29479.25,24,23026.2
14890,81,29979.34,0,1,2,31469.32,4,31168.07,10,11012.72,13,30891.45,24,25913.8
14897,81,30490.19,0,1,2,30264.11,4,29687.75,10,10745.82,13,30270.83,24,22835.88
14904,81,27483.45,0,1,2,29138.39,4,30576.25,10,10307.95,13,29251.46,24,22876.87
14911,81,27408.24,0,1,2,28863.73,4,27630.36,10,10158.54,13,27638.54,24,21547.22
14918,81,28962.33,0,1,2,31223.48,4,30589.55,10,9469.44,13,27195.59,24,23524.28
14925,81,29813.66,0,1,2,31553.54,4,31019.49,10,9992.1,13,29090.5,24,24040.41
14932,81,29383.02,0,1,2,31701.09,4,30260.32,10,10289.66,13,28934.37,24,23409.19
14939,81,30448.4,1,1,2,33443.08,4,29753.45,10,8574.65,13,28524.8,24,23553.31
14946,81,26820.53,0,1,2,28776.89,4,25693.53,10,9456.67,13,28210.31,24,22152.98
14953,81,28246.47,0,1,2,32413.83,4,27916.56,10,9771.53,13,30175.35,24,24800.72
14960,81,28357.4,0,1,2,32170.62,4,28068.33,10,9238.19,13,30536.39,24,22459.88
14967,81,31165.18,0,1,2,35995.54,4,30425.04,10,8646.17,13,31302.74,24,23886.48
14974,81,24041.67,1,1,2,25435.48,4,23164.63,10,7438.15,13,22979.32,24,19589.65
14981,81,27932,0,1,2,30530.1,4,27488.21,10,10327.61,13,29605.64,24,22811.08
14988,81,30035.22,0,1,2,32710.67,4,29675.85,10,10557.77,13,32540.34,24,24748.89
14995,81,27904.03,0,1,2,32002.56,4,30993.65,10,11932.14,13,34668.54,24,24070.38
15002,81,27398.7,0,1,2,29957.52,4,28769.27,10,11623.65,13,31303.18,24,23632.74
15009,81,31040.12,0,1,2,35795.44,4,31772.71,10,12922.41,13,31926.15,24,25843.55
15016,81,29878.54,1,1,2,35716.49,4,30066.55,10,12162.74,13,32499.77,24,24080.29
15023,81,27590.4,0,1,2,30120.56,4,30092.44,10,10869.48,13,31819.98,24,22656.19
15030,81,27205.38,0,1,2,29846.84,4,28339.56,10,11763.67,13,31940.33,24,22490.87
15037,81,29470.75,0,1,2,32200.95,4,29211.01,10,11266.39,13,31730.35,24,25663.62
15044,81,30186.27,0,1,2,32377.2,4,30109.83,10,11108.41,13,32658.18,24,25421.37
15051,81,31048.92,0,1,2,32904.99,4,31191.37,10,11229.1,13,32251.58,24,21832.14
15058,81,29498.03,0,1,2,29340.45,4,27835.44,10,10987.61,13,31662.08,24,22936.49
15065,81,28545.23,0,1,2,29913.36,4,28179.39,10,11535.87,13,31282.66,24,23200.69
15072,81,31849.29,0,1,2,32018.15,4,31327.37,10,12000.29,13,32220.6,24,25325.36
15079,81,30757.86,0,1,2,31550.77,4,30178.32,10,11232.02,13,32482.94,24,23942.88
15086,81,29368.7,0,1,2,30182.72,4,31230.79,10,10621.39,13,32440.43,24,24893.42
15093,81,28068.91,0,1,2,28707.78,4,27336.19,10,9766.05,13,28564.18,24,20609.24
15100,81,31773.1,0,1,2,30744.55,4,31385.66,10,10920.09,13,32523.26,24,26053.17
15107,81,31004.25,0,1,2,30768.44,4,30446.22,10,10339.25,13,31923.06,24,25724.13
15114,81,29396.41,0,1,2,29405.16,4,31948.88,10,10567.77,13,33355.06,24,24577.3
15121,81,28360.73,0,1,2,31107.76,4,29559.11,10,11297.1,13,33252.71,24,28125.87
15128,81,31054.35,0,1,2,30655.85,4,30762.49,10,11407.74,13,33830.94,24,28878.53
15135,81,30405.2,0,1,2,31090.96,4,31080.58,10,10710.04,13,37432.42,24,27302.83
15142,81,30363.62,0,1,2,31290.41,4,32029.21,10,10374.68,13,38846.58,24,25323.21
15149,81,27718.78,0,1,2,28504.91,4,30121.5,10,10188.9,13,36074.94,24,24552.62
15156,81,29039.19,0,1,2,30777.84,4,30412.33,10,10077.19,13,37851.72,24,29209.46
15163,81,30907.17,0,1,2,30996.07,4,32397.16,10,10800.11,13,37975.73,24,29798.5
15170,81,27839.64,0,1,2,28865.2,4,31345.54,10,10172.8,13,37489.15,24,26751.79
15177,81,27636.86,0,1,2,28551.15,4,30936.33,10,10290.83,13,37583.33,24,26206
15184,81,26624.75,0,1,2,27212.89,4,29301.24,10,10192.4,13,34714.58,24,26658.17
15191,81,30825.65,0,1,2,30169.87,4,33043.72,10,10528.51,13,37325.13,24,28301.77
15198,81,30549.41,0,1,2,29995.64,4,32150.46,10,10451.33,13,36847.94,24,27834.92
15205,81,30031.85,0,1,2,28834.69,4,33619.5,10,10420.02,13,36984.86,24,24723.03
15212,81,27927.33,0,1,2,28040.42,4,30196.62,10,9833.76,13,37275,24,28067.9
15219,81,29191.31,0,1,2,28991.82,4,31624.91,10,10022.21,13,37312.73,24,25648.26
15226,81,30764.85,1,1,2,29674.69,4,32333.2,10,9898.91,13,35738.66,24,28842.81
15233,81,29282.71,0,1,2,28390.32,4,33332.88,10,9769.84,13,36630.81,24,24456.65
15240,81,26749.2,0,1,2,26661.68,4,31498.75,10,9545.28,13,34942.37,24,24186.66
15247,81,26579.49,0,1,2,27370.3,4,30383.39,10,10697.28,13,35156.52,24,23711.27
15254,81,30444.53,0,1,2,29750.22,4,33498.02,10,11073.45,13,37396.86,24,26788.2
15261,81,29527.29,0,1,2,28381.76,4,31560.17,10,10495.77,13,33911.6,24,24323.85
15268,81,27412.7,0,1,2,27723.18,4,32237.33,10,10512.31,13,34303.35,24,22602.87
15275,81,26292.64,0,1,2,27167.49,4,29498.1,10,10068.44,13,31735.03,24,22959.24
15282,81,28384.78,0,1,2,28105.66,4,31407.13,10,9871.68,13,30703.46,24,22962.09
15289,81,29705.92,0,1,2,29833.49,4,33022.08,10,10300.93,13,32067.74,24,24857.41
15296,81,30031.81,0,1,2,31136.36,4,31836.39,10,9887.61,13,32045.3,24,22816.52
15303,81,31047.79,1,1,2,32479.38,4,33280.44,10,9191.41,13,29272.8,24,23095.8
15310,81,26715.24,0,1,2,27636.48,4,28477.51,10,10238.37,13,29787.49,24,21774.48
15317,81,29622.19,0,1,2,30740.3,4,30364.41,10,10178.65,13,31976.77,24,24517.83
15324,81,30033.48,0,1,2,30577.05,4,29392.09,10,9445.57,13,32082.63,24,21571.08
15331,81,31972.69,0,1,2,35105.09,4,33753.2,10,9059.26,13,32022.23,24,23863.34
15338,81,24167.38,1,1,2,23665.65,4,24666.69,10,7405.66,13,22954.93,24,18719.68
15345,81,29522.11,0,1,2,29612.37,4,31692.23,10,9253.46,13,31170.24,24,22258.75
15352,81,31560.5,0,1,2,30875.05,4,32369.25,10,10149.65,13,33126.67,24,21730.13
15359,81,29454.09,0,1,2,30104.17,4,32523.12,10,10224.2,13,34620.82,24,22361.63
15366,81,28130.16,0,1,2,29247.34,4,31474.61,10,10716.26,13,32572.55,24,21084.73
15373,81,31164.04,0,1,2,31790.24,4,33206.29,10,11470.64,13,33697.76,24,23204.89
15380,81,31595.22,1,1,2,31655.05,4,34081.74,10,11772.89,13,33197.78,24,24811.71
15387,81,31533.84,0,1,2,31438.84,4,33851.52,10,11298.09,13,34464.81,24,21526.11
15394,81,28579,0,1,2,30012.52,4,34043.67,10,11227.3,13,32924.38,24,23370.56
15401,81,30351.71,0,1,2,31437.87,4,32369.93,10,10748.16,13,32938.2,24,23476.67
15408,81,31651.93,0,1,2,32233.55,4,33818.66,10,10972.76,13,35286.13,24,25385.28
15415,81,32742.74,0,1,2,33360.64,4,34083.79,10,11705.87,13,35140.88,24,22662.01
15422,81,30173.66,0,1,2,30055.39,4,32148.66,10,11685.27,13,33644.27,24,21698.69
15429,81,32059.57,0,1,2,30983,4,30108.07,10,10817.97,13,34903.12,24,22684.41
15436,81,34435.66,0,1,2,34703.23,4,35928.79,10,11839.51,13,36675.39,24,26409.98
15443,81,31857.92,0,1,2,32686.17,4,32536.29,10,10652.79,13,32454.06,24,22199.26
15450,81,30648.9,0,1,2,32052.51,4,33637.71,10,11010.24,13,34873.36,24,23374.67
15457,81,30244.48,0,1,2,31047.01,4,31270.33,10,9988.5,13,34657.77,24,22855.58
15464,81,32261.06,0,1,2,32312.66,4,32528.94,10,10270.85,13,35378.61,24,25845.82
15471,81,31571.96,0,1,2,33032.54,4,32697.54,10,9986.01,13,38151.22,24,25848.03
15478,81,32122.26,0,1,2,33193.76,4,34068.09,10,10018.73,13,37688.8,24,22932.28
15485,81,30941.49,0,1,2,33876.01,4,31952.94,10,10401.01,13,37957.26,24,27092.08
15492,81,32117.05,0,1,2,32817.87,4,34061.96,10,10263.91,13,36808.97,24,25611.83
15499,81,33639.63,0,1,2,34918.38,4,33669.08,10,10292.84,13,38567.67,24,27070.96
15506,81,34681.25,0,1,2,33459.44,4,33909.11,10,10376.07,13,38903.69,24,25462.22
15513,81,31402.79,0,1,2,32013.87,4,32389.73,10,9811.04,13,36273.67,24,24584.12
15520,81,31098.43,0,1,2,31349.91,4,31430.08,10,10235,13,36011.99,24,25711.28
15527,81,36081.52,0,1,2,35561.91,4,36465.28,10,10734.86,13,39255.1,24,30310.78
15534,81,32427.67,0,1,2,31547.36,4,33215.24,10,9815,13,36167.93,24,26346.71
15541,81,30588.78,0,1,2,31830.01,4,33792.42,10,10272.47,13,37509.98,24,25601.45
15548,81,28986.06,0,1,2,29985.61,4,31608.76,10,10538.63,13,34546.29,24,24556.14
15555,81,30862.25,0,1,2,31371.76,4,33778.45,10,10482.54,13,36041.93,24,27335.3
15562,81,31933.13,0,1,2,31641.63,4,33380.53,10,10395.08,13,35448.61,24,28808.6
15569,81,31938.39,0,1,2,31002.52,4,34639.09,10,10710.39,13,36184.79,24,26124.49
15576,81,29432.75,0,1,2,28245.04,4,33432.29,10,9788.61,13,35472.11,24,24537.98
15583,81,30944.5,0,1,2,32208.81,4,31610.57,10,9678.79,13,36696.06,24,25090.91
15590,81,32542.87,1,1,2,32033.91,4,34521.01,10,9986.94,13,38260.74,24,28145.77
15597,81,30417.19,0,1,2,31338.3,4,34034.13,10,9355.89,13,34664.71,24,25550.03
15604,81,29554.46,0,1,2,30042.62,4,34346.16,10,9793.63,13,36095.41,24,24530.07
15611,81,27934.47,0,1,2,28829.75,4,31024.01,10,9581.53,13,33283.19,24,23977.68
15618,81,31376.98,0,1,2,30915.34,4,33440.15,10,10202.65,13,34276.77,24,26573.07
15625,81,30502.04,0,1,2,29980.69,4,33663.26,10,10286.65,13,33507.23,24,25916.3
15632,81,29992.45,0,1,2,29464.36,4,34010.96,10,10596.78,13,33494.37,24,23715.41
15639,81,29107.55,0,1,2,29040.96,4,32237.17,10,10095.2,13,32497.21,24,25379.61
14645,91,62424.14,0,1,2,88433.59,4,73717.92,10,16363.1,13,89955.29,24,62290.49
14652,91,66937,1,1,2,92680.72,4,75382.31,10,14371.53,13,86593.72,24,63377.9
14659,91,63011.44,0,1,2,83761.86,4,75107.05,10,13266.1,13,90037.67,24,52770.01
14666,91,57335.17,0,1,2,79680.54,4,66939.26,10,13372.08,13,81456.01,24,49353.79
14673,91,62755.71,0,1,2,83098.3,4,72825.74,10,13008.35,13,86624.04,24,61886.87
14680,91,63668.62,0,1,2,83691.77,4,70978.44,10,13902.44,13,83801.27,24,57927.61
14687,91,63250.87,0,1,2,85120.3,4,70109.44,10,12740.14,13,86735.05,24,48743.25
14694,91,55614.69,0,1,2,75022.34,4,60441.24,10,12780.09,13,76888.06,24,48887.34
14701,91,57845.36,0,1,2,84609.17,4,61771.53,10,12648.8,13,80845.98,24,53935.78
14708,91,60177.2,0,1,2,81010.92,4,62821.39,10,12976.43,13,78505.5,24,51901.4
14715,91,63631.89,0,1,2,81266.92,4,70593.77,10,12922.67,13,86904.28,24,52517.27
14722,91,56051.87,0,1,2,79020.37,4,67083.95,10,13060.16,13,80683.87,24,50000.47
14729,91,55068.72,0,1,2,75648.29,4,59714.75,10,12761.4,13,76291.51,24,48457.66
14736,91,66019.35,0,1,2,85224.39,4,68585.91,10,13554.3,13,86285.2,24,55522.99
14743,91,64325.26,0,1,2,82656.44,4,64274.67,10,13381.17,13,77545.28,24,53452.34
14750,91,59289.04,0,1,2,81267.39,4,66364.72,10,12321.92,13,81225.45,24,47795.86
14757,91,53686.79,0,1,2,76143.22,4,56553.06,10,12600.22,13,77246.23,24,45929.83
14764,91,59985.57,0,1,2,81920.29,4,60680.55,10,13320.71,13,76408.36,24,50943.57
14771,91,70982.33,0,1,2,91970.72,4,63895.33,10,13781.93,13,88500.52,24,57767.48
14778,91,66093.15,0,1,2,87598,4,64997.78,10,13163.39,13,88208.52,24,49359.49
14785,91,56665.73,0,1,2,78204.47,4,58274.42,10,12236.99,13,76729.33,24,47192.12
14792,91,59462.22,0,1,2,79072.84,4,62464.83,10,12892.52,13,75659.24,24,51883.66
14799,91,68003.36,0,1,2,84409.88,4,64161.66,10,13073.65,13,74510.73,24,57653.11
14806,91,66316.42,0,1,2,87157.77,4,66766.47,10,13780.84,13,85035.93,24,51064.27
14813,91,59855.9,0,1,2,77829.66,4,62850.09,10,12598.82,13,78170.72,24,48976.38
14820,91,56893.45,0,1,2,75475.37,4,56895.52,10,12895.64,13,71935.56,24,49339.81
14827,91,68302.1,0,1,2,87675.4,4,60373.3,10,14166.12,13,82134.91,24,57890.02
14834,91,69486.59,0,1,2,86554.69,4,65444.72,10,12892.42,13,80224.18,24,53447.58
14841,91,62615.88,0,1,2,82268.44,4,64396.29,10,12532.76,13,82783.22,24,47769.58
14848,91,56957.43,0,1,2,76424.83,4,56120.09,10,12524.74,13,75817.35,24,47124.82
14855,91,64708.91,0,1,2,80432.59,4,60541.83,10,13695.59,13,75365.71,24,50503.73
14862,91,68960.79,1,1,2,80809.21,4,62792.56,10,14407.45,13,73737.68,24,56448.57
14869,91,66229.7,0,1,2,82014.9,4,65285.54,10,13425.46,13,81604.59,24,50229.16
14876,91,57245.19,0,1,2,75974.79,4,63406.6,10,12918.33,13,74507.98,24,45626.07
14883,91,57022.45,0,1,2,76509.73,4,59068.88,10,11841.69,13,72049.72,24,47305.6
14890,91,68156.49,0,1,2,80803.84,4,65150.26,10,12891.8,13,80959.43,24,60108.83
14897,91,67012.06,0,1,2,83037.67,4,60998.73,10,12642.66,13,82950.63,24,52001.27
14904,91,55953.41,0,1,2,75961.43,4,61678.41,10,11600.86,13,74955.2,24,49635.45
14911,91,54154.79,0,1,2,74405.88,4,55209.74,10,12334,13,70603.98,24,45661.39
14918,91,60344.73,0,1,2,80115.03,4,63955.41,10,12606.07,13,72768.91,24,54491.12
14925,91,65468.22,0,1,2,82141.03,4,65825.77,10,12511.12,13,78304.41,24,56284
14932,91,62166.33,0,1,2,83915.31,4,68396.67,10,12942.31,13,81474.35,24,52036.79
14939,91,57154.78,1,1,2,74842.31,4,60633.02,10,10789.48,13,78247.77,24,47292.1
14946,91,51969.94,0,1,2,69061.8,4,54671.84,10,11695.07,13,67075.09,24,47933.12
14953,91,63496.85,0,1,2,84494.08,4,62282.52,10,12956.07,13,79161.41,24,58450.18
14960,91,62562.19,0,1,2,81895.35,4,64910.39,10,12076.31,13,81009.31,24,51622.28
14967,91,63569.52,0,1,2,84750.62,4,67183.66,10,11225.18,13,85957.28,24,56916.77
14974,91,49945.36,1,1,2,65452.57,4,51660.38,10,9907.56,13,65902.27,24,49640.48
14981,91,66465.54,0,1,2,82980.32,4,64638.61,10,12602.91,13,82581.02,24,61038.43
14988,91,68143.34,0,1,2,86676.77,4,70728.27,10,14006.25,13,83574.66,24,61353.57
14995,91,60879.18,0,1,2,82258.9,4,74913.58,10,13465.31,13,89507.66,24,55484.02
15002,91,55962.78,0,1,2,73090.61,4,64054.05,10,12647.71,13,77139.96,24,53296.94
15009,91,70369.87,0,1,2,88934.27,4,71873.91,10,13774.92,13,81924.75,24,65490.22
15016,91,73085.36,1,1,2,94029.23,4,71523.3,10,13835.85,13,85355.07,24,64657.28
15023,91,65075.71,0,1,2,82049.29,4,70100.1,10,12269.49,13,85093.7,24,55193.4
15030,91,59436.45,0,1,2,76258.99,4,66848.94,10,12656.01,13,80084.64,24,53626.98
15037,91,66158.1,0,1,2,80599.47,4,68740.27,10,13166.89,13,79490.75,24,63681.88
15044,91,70447.08,0,1,2,80935.4,4,70621.12,10,13596.59,13,85044.1,24,60933.64
15051,91,69243.49,0,1,2,81914.43,4,66669.91,10,12678.98,13,81953.85,24,48804.05
15058,91,59363.21,0,1,2,73603.62,4,61903.61,10,11579.5,13,77901.63,24,49863.73
15065,91,59382.04,0,1,2,75083.92,4,59904.46,10,11796.97,13,74767.44,24,50524.05
15072,91,69459.11,0,1,2,82288.05,4,69507.2,10,13180.18,13,81744.03,24,62106.66
15079,91,70117.63,0,1,2,84537.1,4,67267.79,10,12381.51,13,83809.11,24,53557.65
15086,91,61390.07,0,1,2,75128.02,4,68354.95,10,12326.36,13,80554.68,24,54350.58
15093,91,54050.06,0,1,2,69437.98,4,53536.56,10,11219.13,13,67770.07,24,43168
15100,91,67932.66,0,1,2,81755.83,4,68597.84,10,12281.93,13,79792.29,24,56955.8
15107,91,69132.31,0,1,2,80341.29,4,65352.08,10,11813.8,13,78974.7,24,52226.34
15114,91,60481.74,0,1,2,78334.84,4,68533.58,10,11662.88,13,79681.23,24,51972.27
15121,91,55936.84,0,1,2,74537.91,4,62481.56,10,11545.52,13,73691.26,24,45862.12
15128,91,64308.54,0,1,2,74527.46,4,64289,10,12549.73,13,73671.12,24,49775.93
15135,91,72773.22,0,1,2,83114.48,4,71434.59,10,13369.62,13,82700.89,24,55389.52
15142,91,66982.05,0,1,2,83373.23,4,71373.55,10,12714.55,13,87175.25,24,49616.52
15149,91,58934.29,0,1,2,75383.8,4,51026.17,10,12305.12,13,78342.37,24,42908.01
15156,91,61103.02,0,1,2,75444.53,4,62422.77,10,13220.56,13,78930.21,24,49289.42
15163,91,69752.06,0,1,2,79825.16,4,68206.34,10,13219.77,13,79391.94,24,56078.3
15170,91,72630.05,0,1,2,83420.5,4,69571.83,10,13746.24,13,84981.02,24,49706.52
15177,91,63838.02,0,1,2,78678.21,4,68331.54,10,13296.17,13,82866.55,24,46000.94
15184,91,55048.43,0,1,2,72412.83,4,61138.73,10,12357.79,13,73524.25,24,44300.63
15191,91,68086.06,0,1,2,82408.53,4,67896.24,10,13339.83,13,81708.9,24,53758.54
15198,91,71768.89,0,1,2,84372.07,4,68920.24,10,13955.31,13,81423.08,24,54143.29
15205,91,67995.61,0,1,2,81847.97,4,71175.32,10,12741.27,13,85079.48,24,47899.43
15212,91,59197.5,0,1,2,76262.36,4,63101.1,10,13224.14,13,80455.84,24,47133.62
15219,91,63542.29,0,1,2,78299.63,4,66449.03,10,13272.74,13,77904.56,24,43507.1
15226,91,70857.27,1,1,2,81974.86,4,70699.32,10,13250.98,13,79528.19,24,62911.46
15233,91,71049.64,0,1,2,84278.61,4,71611.73,10,13383.24,13,86643.76,24,49765.88
15240,91,59924.91,0,1,2,75082.21,4,68198.75,10,12777.65,13,78614.15,24,49160.07
15247,91,57721.07,0,1,2,72338.21,4,59364.91,10,12669.69,13,77533.43,24,48326.66
15254,91,71865.59,0,1,2,85825.49,4,71605.44,10,13507.63,13,85817.13,24,58123.94
15261,91,68548.77,0,1,2,81089.05,4,69990.75,10,13234.94,13,82763.03,24,53661.34
15268,91,61839.05,0,1,2,74394.33,4,71171.85,10,12720.72,13,85211.51,24,47890.28
15275,91,56084.02,0,1,2,73723.02,4,58851.8,10,12277.4,13,75386.48,24,49241.62
15282,91,62223.17,0,1,2,75717.24,4,68355.76,10,13244.47,13,76642.75,24,54229.7
15289,91,67041.24,0,1,2,82859.38,4,66087.18,10,12918.75,13,86775.9,24,57625.23
15296,91,66433.08,0,1,2,83365.1,4,67938.21,10,12058.59,13,85851.61,24,48324.94
15303,91,59802.65,1,1,2,77606.71,4,67393.14,10,11148.21,13,81690.27,24,46189.79
15310,91,55855.06,0,1,2,67725.5,4,58950.5,10,11362.43,13,67968.13,24,45836.65
15317,91,69381.12,0,1,2,84178.01,4,67904.16,10,13295.91,13,86259.17,24,60122.18
15324,91,65913.64,0,1,2,81981.41,4,64212.12,10,12516.4,13,85913.95,24,50663.75
15331,91,67740.71,0,1,2,90220.63,4,69708.31,10,11135.72,13,88165.53,24,54308.7
15338,91,48263.59,1,1,2,58947.97,4,48628.99,10,9418.36,13,63383.91,24,42520.93
15345,91,68373.27,0,1,2,80698.23,4,69692.22,10,12691.77,13,84180.89,24,59860.92
15352,91,72876.82,0,1,2,87280.77,4,72343.1,10,13784.62,13,88427.68,24,55075.59
15359,91,65605.04,0,1,2,81990.68,4,75976.51,10,13886.74,13,87983.1,24,51046.77
15366,91,59013.67,0,1,2,75421.58,4,66880.28,10,13518.91,13,80803.8,24,46828.19
15373,91,67139.26,0,1,2,84338.53,4,75512.26,10,13062.39,13,84045.25,24,56507.51
15380,91,74070.25,1,1,2,89025.36,4,78880.23,10,14044.25,13,89909.61,24,63818.8
15387,91,72596.77,0,1,2,87636.17,4,72960.08,10,13721.5,13,92448.61,24,51143.64
15394,91,61455.44,0,1,2,78046.84,4,71868.75,10,13279.4,13,81112.84,24,51994.68
15401,91,66364.92,0,1,2,78443.44,4,70382.69,10,13321.38,13,82325.66,24,53975.06
15408,91,71905.65,0,1,2,85651.33,4,74106.47,10,13670.77,13,86011.34,24,60924.28
15415,91,73204.67,0,1,2,84996.23,4,72908.4,10,13017.66,13,87954.06,24,49512.47
15422,91,61697.89,0,1,2,75070.16,4,67938.23,10,11578.56,13,79882.53,24,45011.34
15429,91,63770.92,0,1,2,74849.07,4,62430.18,10,11199.5,13,78640.66,24,48977.83
15436,91,76147.22,0,1,2,86132.28,4,74559.31,10,13001.47,13,88118.94,24,60931.92
15443,91,70877.39,0,1,2,80858.88,4,65033.69,10,12601.55,13,80651.48,24,50214.88
15450,91,67331.15,0,1,2,79445.51,4,71687.64,10,12264.22,13,86477.42,24,47880.39
15457,91,60412.71,0,1,2,74490.6,4,64417.36,10,12016.4,13,80370,24,49352.91
15464,91,69524.98,0,1,2,80124.7,4,70925.09,10,11903.95,13,80372.04,24,57554.95
15471,91,71520.23,0,1,2,84626.11,4,68836.77,10,12698.26,13,88827.88,24,57404.74
15478,91,67842.03,0,1,2,83535.18,4,69731.18,10,13189.42,13,87197.91,24,47501.81
15485,91,61147.15,0,1,2,79044.7,4,61965.79,10,12767.63,13,80073.03,24,47552.15
15492,91,62018.23,0,1,2,74915,4,67102.87,10,12643.66,13,77690.15,24,48108.86
15499,91,75021.92,0,1,2,90993.68,4,72549.83,10,13996.16,13,90325.81,24,60503.21
15506,91,76138.44,0,1,2,84362.43,4,76019.52,10,12889.54,13,87641.3,24,51593.03
15513,91,61720.14,0,1,2,78681.03,4,68607.24,10,12518.84,13,82369.47,24,46030.68
15520,91,59527.86,0,1,2,77304.8,4,64505.44,10,12079.85,13,81526.14,24,48298.43
15527,91,76603.53,0,1,2,84456.48,4,69337.43,10,12061.1,13,84689.08,24,57751.81
15534,91,74382.83,0,1,2,86798.08,4,70789.48,10,12923.96,13,84959.21,24,53838.03
15541,91,67204.17,0,1,2,83396.37,4,72004.47,10,12280.58,13,86849.83,24,49958.24
15548,91,57662.6,0,1,2,75838.74,4,64381.42,10,11962.99,13,78806.46,24,46455.32
15555,91,68443.22,0,1,2,84185.36,4,67816.55,10,12222.98,13,81787.87,24,53256.14
15562,91,73659.91,0,1,2,88085.32,4,71860,10,12707.15,13,83126.75,24,60048.04
15569,91,71394.59,0,1,2,87363.99,4,73369.41,10,12902.93,13,90456.81,24,50020.14
15576,91,60429.67,0,1,2,76683.14,4,72068,10,11740.26,13,80110.03,24,44999.21
15583,91,62130.73,0,1,2,80808.8,4,65144.25,10,10612.68,13,78322.8,24,46180.34
15590,91,74590.68,1,1,2,83399.01,4,74247.81,10,11701.59,13,83977.26,24,60401.49
15597,91,70429.68,0,1,2,81943.56,4,69022.15,10,11457.7,13,83100.25,24,53283.48
15604,91,61875.25,0,1,2,78540.21,4,68454.83,10,11276.77,13,84727.79,24,48720.42
15611,91,55839.93,0,1,2,75325.66,4,62039.28,10,11511.55,13,78123.05,24,47764.52
15618,91,69193.16,0,1,2,85978.07,4,68866.03,10,13420.21,13,83424.44,24,59592.41
15625,91,67677.85,0,1,2,83666.41,4,68866.44,10,12063.88,13,84162.87,24,58780.67
15632,91,64022.49,0,1,2,80550.34,4,67800.65,10,12394.97,13,86687.87,24,49822.12
15639,91,55472.46,0,1,2,75329.8,4,64274.43,10,10937.52,13,80238.08,24,49890.67
14645,92,139884.94,0,1,2,178982.89,4,165765.5,10,54538.9,13,166872.27,24,135963.44
14652,92,143081.42,1,1,2,182142.89,4,163407.19,10,52893.1,13,153435.29,24,130761.81
14659,92,135066.75,0,1,2,170825.81,4,155428.24,10,48087.25,13,157625.49,24,112987.25
14666,92,125048.08,0,1,2,159343.07,4,146064.26,10,52140.66,13,149088.91,24,107574.34
14673,92,132945.44,0,1,2,163301.25,4,152308.67,10,53637.96,13,160382.53,24,137687.56
14680,92,124418.65,0,1,2,164055.79,4,151599.46,10,51739.23,13,153903.76,24,124360.66
14687,92,127434.37,0,1,2,159140.47,4,149409.91,10,48149.77,13,152316.7,24,104185.14
14694,92,116688.75,0,1,2,146492.59,4,129894.42,10,46291.94,13,140088.85,24,106515.39
14701,92,126907.41,0,1,2,166476.34,4,140407.04,10,49222.36,13,151170.23,24,122311.27
14708,92,129466.97,0,1,2,156241.85,4,135229.8,10,50255.73,13,140339.66,24,116485.42
14715,92,128626.08,0,1,2,150349.3,4,145344.39,10,49432.99,13,148168.88,24,108007.58
14722,92,111703.46,0,1,2,148072.62,4,140299.23,10,48831.66,13,138754.5,24,106805.68
14729,92,109579.6,0,1,2,139634.72,4,126903,10,48672.3,13,134919.74,24,106315.87
14736,92,132217.62,0,1,2,163001.2,4,152987.75,10,52011.81,13,153645.91,24,128514.27
14743,92,126004.12,0,1,2,147998.65,4,138683.96,10,46012.57,13,138404.19,24,119282.65
14750,92,117117.65,0,1,2,149506.27,4,147771.8,10,45901.3,13,144417.74,24,105364.77
14757,92,111704.67,0,1,2,145574.74,4,122496.24,10,48843.44,13,143909.88,24,108372.32
14764,92,126058.88,0,1,2,150639.71,4,132582.49,10,49546.96,13,142402.1,24,119716.2
14771,92,134711.49,0,1,2,161667.04,4,134433.89,10,50308.9,13,153285.67,24,122031.59
14778,92,126911.43,0,1,2,157670.36,4,141356.33,10,48385.24,13,154201.96,24,109003.56
14785,92,110276.03,0,1,2,141750.65,4,124241.11,10,43574.7,13,135834.73,24,101622.82
14792,92,122267.65,0,1,2,153473.23,4,133322.22,10,45813.9,13,138042.5,24,124444.46
14799,92,133820.17,0,1,2,156774.83,4,140226.35,10,47408.94,13,130233.53,24,127652.37
14806,92,126469.77,0,1,2,154270.42,4,144265,10,46343.23,13,143376.84,24,109556.14
14813,92,115276.81,0,1,2,140024.94,4,136043.51,10,45747.8,13,135251.9,24,106618.09
14820,92,109943.02,0,1,2,136093.09,4,127418.82,10,45577.17,13,125546.97,24,108105.01
14827,92,136852.18,0,1,2,159515.33,4,141768.75,10,49473.8,13,143407.17,24,128666.91
14834,92,132948.33,0,1,2,155188.37,4,147963.18,10,49340.19,13,140266.73,24,120821.87
14841,92,120613.35,0,1,2,147664.3,4,144781.3,10,50641.52,13,147778.23,24,108861.33
14848,92,114325.82,0,1,2,141542.88,4,130191.35,10,46622.6,13,140697.59,24,111117.55
14855,92,130199.04,0,1,2,158203.22,4,140141.32,10,48775.25,13,151579.15,24,116826.78
14862,92,134373.61,1,1,2,159630.1,4,147769.71,10,49566.58,13,140923.92,24,136640.09
14869,92,129176.82,0,1,2,154929.79,4,150217.63,10,46856.02,13,151317.79,24,114192.9
14876,92,110184.21,0,1,2,140346.71,4,142300.68,10,46381.15,13,134302.85,24,104539.24
14883,92,118966.9,0,1,2,152095.59,4,137844.39,10,44545.5,13,141311.91,24,109922.52
14890,92,138866,0,1,2,160680.64,4,151921.38,10,50724.39,13,156393.96,24,138303.33
14897,92,133453.67,0,1,2,162005.99,4,145276.99,10,46541.28,13,153798.33,24,116168.74
14904,92,115463.1,0,1,2,148333.22,4,150744.79,10,47695.58,13,147379.58,24,112226.69
14911,92,116370.47,0,1,2,149232.12,4,136737.64,10,48803.7,13,149781.49,24,109159.24
14918,92,140504.41,0,1,2,176196.51,4,158346.4,10,57181.98,13,148631.16,24,128041.8
14925,92,144909.63,0,1,2,181296.57,4,163299.52,10,58223.33,13,161983.13,24,130490.3
14932,92,157621.22,0,1,2,205829.42,4,182935.75,10,63422.11,13,170623.18,24,124970.34
14939,92,170904.79,1,1,2,219880.49,4,196464.78,10,55188.83,13,190865.24,24,135141.23
14946,92,119421.7,0,1,2,152559.76,4,137541.89,10,53719.98,13,148207.87,24,112523.8
14953,92,145313.14,0,1,2,188809.68,4,160984.11,10,52362.99,13,170170.92,24,142464.57
14960,92,156941.48,0,1,2,201863.27,4,172430.68,10,50408.06,13,179167.16,24,126911.16
14967,92,181376.38,0,1,2,236468.65,4,196184.4,10,48242.4,13,201477.49,24,145530.89
14974,92,106205.58,1,1,2,135121.66,4,122263.2,10,38448.16,13,116882.55,24,97817.78
14981,92,137438.84,0,1,2,168985.15,4,155246.63,10,51842.94,13,151322.25,24,128113.41
14988,92,145156.23,0,1,2,181575.51,4,159261.88,10,51995.9,13,152374.41,24,123798.5
14995,92,130891.97,0,1,2,167388.5,4,161760,10,48206.77,13,159013.06,24,111085.39
15002,92,118957.83,0,1,2,151554.41,4,142389.17,10,49168.71,13,142196.89,24,112804.46
15009,92,145494.29,0,1,2,183304.87,4,164933.31,10,53365.58,13,157457.85,24,129418.16
15016,92,149699.72,1,1,2,195482.73,4,171158.16,10,52173.66,13,157797.75,24,132697.77
15023,92,129581.85,0,1,2,161936.54,4,162413.31,10,48117.71,13,156145.59,24,116477.18
15030,92,112865.16,0,1,2,148922.87,4,150563.95,10,49567.47,13,153113.37,24,113347.48
15037,92,130158.38,0,1,2,165033.74,4,155777.29,10,52587.63,13,154731.53,24,129299.36
15044,92,137191.52,0,1,2,165774.06,4,160376.33,10,51969.13,13,157300.21,24,128143
15051,92,134321.31,0,1,2,163448.56,4,154902.77,10,50775.2,13,155885.05,24,109723.94
15058,92,114963.63,0,1,2,140248.07,4,140221.1,10,46260.1,13,149874.4,24,108858.93
15065,92,118903.28,0,1,2,148964.72,4,135581.2,10,47620.96,13,145853.06,24,110312.86
15072,92,140374.76,0,1,2,160178.55,4,161295.36,10,50978.43,13,153956.98,24,131441.74
15079,92,132197.01,0,1,2,161800.16,4,151528.19,10,48355.01,13,160029.17,24,114541.42
15086,92,124161.59,0,1,2,156086.63,4,162671.24,10,48168.39,13,153594.14,24,119159.1
15093,92,112882.46,0,1,2,141627.99,4,124513.19,10,44174.47,13,137215.38,24,96455.09
15100,92,140304.75,0,1,2,158933.97,4,156193.9,10,47865.73,13,158073.32,24,124453.57
15107,92,131147.68,0,1,2,152502.5,4,144035.29,10,45194.88,13,149400.07,24,114027.93
15114,92,123050.97,0,1,2,148014.9,4,152839.08,10,43906.32,13,155324.02,24,112213.7
15121,92,115361.04,0,1,2,147270.43,4,138104.79,10,43222.51,13,141993.55,24,110502.22
15128,92,129624.28,0,1,2,145322.47,4,143237.14,10,46188.08,13,147773.72,24,118412.27
15135,92,137181.13,0,1,2,154372.76,4,153255.27,10,46933.89,13,155236.43,24,124939.84
15142,92,131903.99,0,1,2,154415.51,4,158924.04,10,45807.1,13,162202.48,24,114783.81
15149,92,112913.22,0,1,2,136015.49,4,145197.92,10,43680.99,13,147612.67,24,104578.55
15156,92,120155.9,0,1,2,147909.33,4,144234.59,10,46616.23,13,153900.12,24,125238.89
15163,92,134861.72,0,1,2,153339.39,4,157806.34,10,46060.37,13,151160.86,24,138687.64
15170,92,131780.79,0,1,2,153783.12,4,160569.91,10,49736.63,13,162174.55,24,115146.59
15177,92,118968.09,0,1,2,146359.81,4,155135.14,10,47527.72,13,153972.35,24,108950.6
15184,92,111929.27,0,1,2,138802.82,4,143204.67,10,46882.85,13,146783.63,24,111423.68
15191,92,137310.46,0,1,2,160468.74,4,161865.01,10,48552.54,13,163357.13,24,129313.4
15198,92,139822.31,0,1,2,158082.14,4,159670.68,10,50422.9,13,159494.55,24,130071.33
15205,92,132026.43,0,1,2,153827.25,4,171553.94,10,52096.32,13,165405.33,24,117698.15
15212,92,117474.47,0,1,2,147186.84,4,152595.4,10,50721.48,13,158956.09,24,128637.75
15219,92,131142.28,0,1,2,156168.3,4,152433.05,10,50409.61,13,160983.38,24,107542.08
15226,92,144592.43,1,1,2,164687.59,4,168013.66,10,49844.82,13,159306.23,24,148125.22
15233,92,143870.73,0,1,2,163843.05,4,168867.79,10,49748.67,13,172475.45,24,113548.16
15240,92,122462.32,0,1,2,150256.66,4,163451.54,10,49481.37,13,159841.27,24,116314.19
15247,92,120506.66,0,1,2,148682.36,4,146263.17,10,48535,13,171956.21,24,116140.3
15254,92,155370.71,0,1,2,176375.65,4,178151.02,10,55517.16,13,194865.26,24,147637.35
15261,92,145457.88,0,1,2,164033.78,4,166415.23,10,53315.69,13,174861.48,24,128260.15
15268,92,134783.19,0,1,2,163289.88,4,171337.35,10,49770.57,13,176631.51,24,118740.86
15275,92,125065.14,0,1,2,158040.78,4,159591.49,10,49786.28,13,165500.6,24,123905.76
15282,92,152401.64,0,1,2,173785.31,4,179147.18,10,54076.37,13,181936.16,24,135444.72
15289,92,165723.32,0,1,2,190979.69,4,182939.8,10,62970.68,13,195400.31,24,144228.42
15296,92,170303.38,0,1,2,204812.37,4,202030.01,10,60388,13,198586.52,24,127430.76
15303,92,186516.35,1,1,2,238066.17,4,231334.61,10,56723.83,13,214959.77,24,136723.2
15310,92,128135.6,0,1,2,154526.64,4,159582.35,10,50028.97,13,160733.87,24,113773.72
15317,92,165633.02,0,1,2,195953.72,4,186204.36,10,57833.26,13,194473.59,24,142648.46
15324,92,173805.71,0,1,2,204934.97,4,195603.8,10,55227.14,13,204197.88,24,133603.74
15331,92,194839.6,0,1,2,257375.39,4,239759.31,10,55769.23,13,234456.79,24,152826.46
15338,92,120037.4,1,1,2,142937.91,4,140979.34,10,39337.08,13,135180.11,24,103074.75
15345,92,148782.83,0,1,2,177356.35,4,183928.47,10,50603.89,13,178257.82,24,135741.92
15352,92,158154.78,0,1,2,182046.51,4,186643.74,10,56420.64,13,178456.1,24,125771.39
15359,92,140411.05,0,1,2,169381.67,4,180360.5,10,50824.22,13,183930.9,24,118762.44
15366,92,128946.7,0,1,2,160379.95,4,166185.52,10,52367.55,13,169990.21,24,110034.95
15373,92,147179.82,0,1,2,176421.91,4,178296.21,10,55578.69,13,176393.1,24,127357.19
15380,92,158241.98,1,1,2,184489.05,4,186879.53,10,56713.73,13,184390.4,24,142838.86
15387,92,155731.37,0,1,2,186888.75,4,181812.66,10,55033.3,13,183899.95,24,114955.81
15394,92,129648.25,0,1,2,164492.45,4,172569.55,10,53430.83,13,171124.3,24,119799.9
15401,92,138638.98,0,1,2,166966.61,4,170055.87,10,55378.52,13,179407.82,24,122692.52
15408,92,151585.49,0,1,2,177087.77,4,176296.64,10,57486.4,13,182558.93,24,140387.55
15415,92,152800.74,0,1,2,175208.77,4,175034.39,10,55981.11,13,185618.81,24,113101.76
15422,92,127013.26,0,1,2,156718.63,4,162949.94,10,51859.09,13,165498.72,24,100717
15429,92,127691.17,0,1,2,152398.87,4,150911.48,10,48744.06,13,161155.91,24,109437.43
15436,92,165039.54,0,1,2,185060.6,4,185382.53,10,54542.26,13,181895.06,24,148783.69
15443,92,147310.74,0,1,2,170989.18,4,163875.51,10,52332.31,13,169090.96,24,116931.2
15450,92,135336.32,0,1,2,164123.2,4,169275.52,10,52282.06,13,181183.91,24,110002.25
15457,92,125370.93,0,1,2,151824.37,4,148421.24,10,48989.59,13,161420.41,24,112923.82
15464,92,140937.93,0,1,2,164192.77,4,164361.79,10,51804.37,13,168438.89,24,133564.81
15471,92,143194.31,0,1,2,169818.78,4,164657.58,10,51704.65,13,176345.99,24,135166.01
15478,92,139743.46,0,1,2,167197.03,4,173004.56,10,49720.63,13,169415.63,24,110384.88
15485,92,124556.59,0,1,2,157451.13,4,154709.81,10,50254.84,13,164272.38,24,119002.81
15492,92,134206.28,0,1,2,154734.45,4,158895.19,10,49268,13,160737.31,24,113518.23
15499,92,153676.53,0,1,2,181331.71,4,175156.23,10,51041.74,13,179696.5,24,141050.76
15506,92,153216.18,0,1,2,169931.76,4,175591.63,10,49327.75,13,183228.69,24,121220.37
15513,92,126763.7,0,1,2,159611.89,4,165010.65,10,48216.47,13,164442.14,24,111110.79
15520,92,125650.26,0,1,2,155974.44,4,158698.61,10,47610.09,13,162573.23,24,121032.31
15527,92,156581.44,0,1,2,179105.49,4,174602.62,10,51222.18,13,175273.27,24,144750.97
15534,92,148531.93,0,1,2,168345.97,4,170507.73,10,52003.75,13,169695.57,24,127325.76
15541,92,134590.45,0,1,2,164392.53,4,171958.27,10,51359.97,13,179823.4,24,119197.53
15548,92,123464.47,0,1,2,156687.73,4,156710.91,10,51459.5,13,160703.97,24,116273.29
15555,92,141450.76,0,1,2,170120.39,4,166267.55,10,54284.39,13,171598.2,24,132483.29
15562,92,150012.51,0,1,2,170283.67,4,172350.05,10,56447.86,13,171785.37,24,147557.68
15569,92,149962.1,0,1,2,173002.07,4,173825.85,10,55798.22,13,182031.93,24,120974.69
15576,92,127017.65,0,1,2,157874.84,4,168317.08,10,51237.75,13,168512.87,24,114312.22
15583,92,132574.48,0,1,2,169994.15,4,158089.61,10,47542.72,13,167187.38,24,114999.79
15590,92,160693.21,1,1,2,182189.34,4,177978.85,10,51893.06,13,182296.84,24,148160.88
15597,92,148861.17,0,1,2,179419.94,4,180938.15,10,50307.59,13,176190.23,24,127620.98
15604,92,139354.6,0,1,2,169646.36,4,176024.88,10,49597.54,13,179575.44,24,122230.72
15611,92,122434.07,0,1,2,159369.52,4,163451.36,10,50045.69,13,169014,24,123594.9
15618,92,159459.88,0,1,2,192860.85,4,186274.98,10,54063.04,13,181471.61,24,150026.37
15625,92,156944.65,0,1,2,192455.74,4,179526.95,10,53206.88,13,184760.29,24,146764.4
15632,92,146387.59,0,1,2,175971.97,4,177406.75,10,55225.23,13,184451.36,24,126124.97
15639,92,132155.74,0,1,2,169784.13,4,164891.82,10,53198.97,13,183483.92,24,134136.75
